"","algo","model","method","size","cpt.density","beta","alpha","nbLoops","m1","exec","exec.time","nb.cpts","nb"
"dust",dust,variance,detIndex_Eval4,100,0,9.21034037197618,1e-09,10,0.01,1,5983171,1,5
"fpop",fpop,variance,,100,0,9.21034037197618,1e-09,10,0.01,1,4530787,1,NA
"dust",dust,variance,detIndex_Eval4,100,10,9.21034037197618,1e-09,10,0.01,1,474288,1,6
"fpop",fpop,variance,,100,10,9.21034037197618,1e-09,10,0.01,1,3064299,1,NA
"dust",dust,variance,detIndex_Eval4,100,20,9.21034037197618,1e-09,10,0.01,1,525046,1,9
"fpop",fpop,variance,,100,20,9.21034037197618,1e-09,10,0.01,1,14595590,1,NA
"dust",dust,variance,detIndex_Eval4,100,30,9.21034037197618,1e-09,10,0.01,1,1071166,1,7
"fpop",fpop,variance,,100,30,9.21034037197618,1e-09,10,0.01,1,7026662,1,NA
"dust",dust,variance,detIndex_Eval4,100,40,9.21034037197618,1e-09,10,0.01,1,1272230,3,12
"fpop",fpop,variance,,100,40,9.21034037197618,1e-09,10,0.01,1,5539838,3,NA
"dust",dust,variance,detIndex_Eval4,100,50,9.21034037197618,1e-09,10,0.01,1,7350152,2,7
"fpop",fpop,variance,,100,50,9.21034037197618,1e-09,10,0.01,1,2969630,2,NA
"dust",dust,variance,detIndex_Eval4,223.606797749979,0,10.8197782844103,1e-09,10,0.01,1,1246400,1,5
"fpop",fpop,variance,,223.606797749979,0,10.8197782844103,1e-09,10,0.01,1,4194136,1,NA
"dust",dust,variance,detIndex_Eval4,223.606797749979,10,10.8197782844103,1e-09,10,0.01,1,1218602,1,4
"fpop",fpop,variance,,223.606797749979,10,10.8197782844103,1e-09,10,0.01,1,8712664,1,NA
"dust",dust,variance,detIndex_Eval4,223.606797749979,20,10.8197782844103,1e-09,10,0.01,1,1124466,1,5
"fpop",fpop,variance,,223.606797749979,20,10.8197782844103,1e-09,10,0.01,1,7813534,1,NA
"dust",dust,variance,detIndex_Eval4,223.606797749979,30,10.8197782844103,1e-09,10,0.01,1,1156774,1,5
"fpop",fpop,variance,,223.606797749979,30,10.8197782844103,1e-09,10,0.01,1,7058273,1,NA
"dust",dust,variance,detIndex_Eval4,223.606797749979,40,10.8197782844103,1e-09,10,0.01,1,437429,1,10
"fpop",fpop,variance,,223.606797749979,40,10.8197782844103,1e-09,10,0.01,1,14199120,1,NA
"dust",dust,variance,detIndex_Eval4,223.606797749979,50,10.8197782844103,1e-09,10,0.01,1,625537,1,7
"fpop",fpop,variance,,223.606797749979,50,10.8197782844103,1e-09,10,0.01,1,3575036,1,NA
"dust",dust,variance,detIndex_Eval4,500,0,12.4292161968444,1e-09,10,0.01,1,2834084,1,9
"fpop",fpop,variance,,500,0,12.4292161968444,1e-09,10,0.01,1,3946168,1,NA
"dust",dust,variance,detIndex_Eval4,500,10,12.4292161968444,1e-09,10,0.01,1,540052,1,6
"fpop",fpop,variance,,500,10,12.4292161968444,1e-09,10,0.01,1,5063951,1,NA
"dust",dust,variance,detIndex_Eval4,500,20,12.4292161968444,1e-09,10,0.01,1,751161,1,6
"fpop",fpop,variance,,500,20,12.4292161968444,1e-09,10,0.01,1,4136326,1,NA
"dust",dust,variance,detIndex_Eval4,500,30,12.4292161968444,1e-09,10,0.01,1,2126957,1,5
"fpop",fpop,variance,,500,30,12.4292161968444,1e-09,10,0.01,1,4756738,1,NA
"dust",dust,variance,detIndex_Eval4,500,40,12.4292161968444,1e-09,10,0.01,1,1585552,1,6
"fpop",fpop,variance,,500,40,12.4292161968444,1e-09,10,0.01,1,4568630,1,NA
"dust",dust,variance,detIndex_Eval4,500,50,12.4292161968444,1e-09,10,0.01,1,653581,2,11
"fpop",fpop,variance,,500,50,12.4292161968444,1e-09,10,0.01,1,5580305,2,NA
"dust",dust,variance,detIndex_Eval4,100,0,9.21034037197618,1e-09,10,0.01,2,1854020,1,6
"fpop",fpop,variance,,100,0,9.21034037197618,1e-09,10,0.01,2,6346513,1,NA
"dust",dust,variance,detIndex_Eval4,100,10,9.21034037197618,1e-09,10,0.01,2,592942,1,5
"fpop",fpop,variance,,100,10,9.21034037197618,1e-09,10,0.01,2,5329139,1,NA
"dust",dust,variance,detIndex_Eval4,100,20,9.21034037197618,1e-09,10,0.01,2,5444841,1,9
"fpop",fpop,variance,,100,20,9.21034037197618,1e-09,10,0.01,2,7039044,1,NA
"dust",dust,variance,detIndex_Eval4,100,30,9.21034037197618,1e-09,10,0.01,2,952266,1,10
"fpop",fpop,variance,,100,30,9.21034037197618,1e-09,10,0.01,2,14420766,1,NA
"dust",dust,variance,detIndex_Eval4,100,40,9.21034037197618,1e-09,10,0.01,2,491098,1,8
"fpop",fpop,variance,,100,40,9.21034037197618,1e-09,10,0.01,2,4691507,1,NA
"dust",dust,variance,detIndex_Eval4,100,50,9.21034037197618,1e-09,10,0.01,2,471008,2,4
"fpop",fpop,variance,,100,50,9.21034037197618,1e-09,10,0.01,2,5582642,2,NA
"dust",dust,variance,detIndex_Eval4,223.606797749979,0,10.8197782844103,1e-09,10,0.01,2,1307367,1,6
"fpop",fpop,variance,,223.606797749979,0,10.8197782844103,1e-09,10,0.01,2,10527037,1,NA
"dust",dust,variance,detIndex_Eval4,223.606797749979,10,10.8197782844103,1e-09,10,0.01,2,527875,1,5
"fpop",fpop,variance,,223.606797749979,10,10.8197782844103,1e-09,10,0.01,2,7284429,1,NA
"dust",dust,variance,detIndex_Eval4,223.606797749979,20,10.8197782844103,1e-09,10,0.01,2,1193223,1,8
"fpop",fpop,variance,,223.606797749979,20,10.8197782844103,1e-09,10,0.01,2,8871457,1,NA
"dust",dust,variance,detIndex_Eval4,223.606797749979,30,10.8197782844103,1e-09,10,0.01,2,536321,1,5
"fpop",fpop,variance,,223.606797749979,30,10.8197782844103,1e-09,10,0.01,2,21627910,1,NA
"dust",dust,variance,detIndex_Eval4,223.606797749979,40,10.8197782844103,1e-09,10,0.01,2,1281906,2,15
"fpop",fpop,variance,,223.606797749979,40,10.8197782844103,1e-09,10,0.01,2,15766181,2,NA
"dust",dust,variance,detIndex_Eval4,223.606797749979,50,10.8197782844103,1e-09,10,0.01,2,640461,1,10
"fpop",fpop,variance,,223.606797749979,50,10.8197782844103,1e-09,10,0.01,2,19071847,1,NA
"dust",dust,variance,detIndex_Eval4,500,0,12.4292161968444,1e-09,10,0.01,2,620043,1,6
"fpop",fpop,variance,,500,0,12.4292161968444,1e-09,10,0.01,2,9198596,1,NA
"dust",dust,variance,detIndex_Eval4,500,10,12.4292161968444,1e-09,10,0.01,2,7352653,1,5
"fpop",fpop,variance,,500,10,12.4292161968444,1e-09,10,0.01,2,4183312,1,NA
"dust",dust,variance,detIndex_Eval4,500,20,12.4292161968444,1e-09,10,0.01,2,852144,1,10
"fpop",fpop,variance,,500,20,12.4292161968444,1e-09,10,0.01,2,4418365,1,NA
"dust",dust,variance,detIndex_Eval4,500,30,12.4292161968444,1e-09,10,0.01,2,599543,2,11
"fpop",fpop,variance,,500,30,12.4292161968444,1e-09,10,0.01,2,9270428,2,NA
"dust",dust,variance,detIndex_Eval4,500,40,12.4292161968444,1e-09,10,0.01,2,1422741,1,7
"fpop",fpop,variance,,500,40,12.4292161968444,1e-09,10,0.01,2,4284049,1,NA
"dust",dust,variance,detIndex_Eval4,500,50,12.4292161968444,1e-09,10,0.01,2,1605355,1,13
"fpop",fpop,variance,,500,50,12.4292161968444,1e-09,10,0.01,2,11582746,1,NA
"dust",dust,variance,detIndex_Eval4,100,0,9.21034037197618,1e-09,10,0.01,3,5341931,1,5
"fpop",fpop,variance,,100,0,9.21034037197618,1e-09,10,0.01,3,13835901,1,NA
"dust",dust,variance,detIndex_Eval4,100,10,9.21034037197618,1e-09,10,0.01,3,516108,1,6
"fpop",fpop,variance,,100,10,9.21034037197618,1e-09,10,0.01,3,2759095,1,NA
"dust",dust,variance,detIndex_Eval4,100,20,9.21034037197618,1e-09,10,0.01,3,462685,1,6
"fpop",fpop,variance,,100,20,9.21034037197618,1e-09,10,0.01,3,10024828,1,NA
"dust",dust,variance,detIndex_Eval4,100,30,9.21034037197618,1e-09,10,0.01,3,1084204,1,9
"fpop",fpop,variance,,100,30,9.21034037197618,1e-09,10,0.01,3,15783442,1,NA
"dust",dust,variance,detIndex_Eval4,100,40,9.21034037197618,1e-09,10,0.01,3,558502,2,7
"fpop",fpop,variance,,100,40,9.21034037197618,1e-09,10,0.01,3,2998740,2,NA
"dust",dust,variance,detIndex_Eval4,100,50,9.21034037197618,1e-09,10,0.01,3,739394,2,8
"fpop",fpop,variance,,100,50,9.21034037197618,1e-09,10,0.01,3,2851386,2,NA
"dust",dust,variance,detIndex_Eval4,223.606797749979,0,10.8197782844103,1e-09,10,0.01,3,569121,1,9
"fpop",fpop,variance,,223.606797749979,0,10.8197782844103,1e-09,10,0.01,3,22051399,1,NA
"dust",dust,variance,detIndex_Eval4,223.606797749979,10,10.8197782844103,1e-09,10,0.01,3,8695854,1,10
"fpop",fpop,variance,,223.606797749979,10,10.8197782844103,1e-09,10,0.01,3,7443099,1,NA
"dust",dust,variance,detIndex_Eval4,223.606797749979,20,10.8197782844103,1e-09,10,0.01,3,509999,1,14
"fpop",fpop,variance,,223.606797749979,20,10.8197782844103,1e-09,10,0.01,3,3422803,1,NA
"dust",dust,variance,detIndex_Eval4,223.606797749979,30,10.8197782844103,1e-09,10,0.01,3,555017,1,8
"fpop",fpop,variance,,223.606797749979,30,10.8197782844103,1e-09,10,0.01,3,18258407,1,NA
"dust",dust,variance,detIndex_Eval4,223.606797749979,40,10.8197782844103,1e-09,10,0.01,3,479126,2,9
"fpop",fpop,variance,,223.606797749979,40,10.8197782844103,1e-09,10,0.01,3,15679384,1,NA
"dust",dust,variance,detIndex_Eval4,223.606797749979,50,10.8197782844103,1e-09,10,0.01,3,522504,1,6
"fpop",fpop,variance,,223.606797749979,50,10.8197782844103,1e-09,10,0.01,3,3758839,1,NA
"dust",dust,variance,detIndex_Eval4,500,0,12.4292161968444,1e-09,10,0.01,3,708029,1,7
"fpop",fpop,variance,,500,0,12.4292161968444,1e-09,10,0.01,3,5913471,1,NA
"dust",dust,variance,detIndex_Eval4,500,10,12.4292161968444,1e-09,10,0.01,3,1507693,1,12
"fpop",fpop,variance,,500,10,12.4292161968444,1e-09,10,0.01,3,14195184,1,NA
"dust",dust,variance,detIndex_Eval4,500,20,12.4292161968444,1e-09,10,0.01,3,661207,1,5
"fpop",fpop,variance,,500,20,12.4292161968444,1e-09,10,0.01,3,4678756,1,NA
"dust",dust,variance,detIndex_Eval4,500,30,12.4292161968444,1e-09,10,0.01,3,1223399,1,13
"fpop",fpop,variance,,500,30,12.4292161968444,1e-09,10,0.01,3,15292631,1,NA
"dust",dust,variance,detIndex_Eval4,500,40,12.4292161968444,1e-09,10,0.01,3,1522617,1,8
"fpop",fpop,variance,,500,40,12.4292161968444,1e-09,10,0.01,3,4459283,1,NA
"dust",dust,variance,detIndex_Eval4,500,50,12.4292161968444,1e-09,10,0.01,3,7109687,1,11
"fpop",fpop,variance,,500,50,12.4292161968444,1e-09,10,0.01,3,4411395,1,NA
"dust",dust,variance,detIndex_Eval4,100,0,9.21034037197618,1e-09,10,0.01,4,1362963,1,4
"fpop",fpop,variance,,100,0,9.21034037197618,1e-09,10,0.01,4,11137363,1,NA
"dust",dust,variance,detIndex_Eval4,100,10,9.21034037197618,1e-09,10,0.01,4,512090,1,7
"fpop",fpop,variance,,100,10,9.21034037197618,1e-09,10,0.01,4,12996672,1,NA
"dust",dust,variance,detIndex_Eval4,100,20,9.21034037197618,1e-09,10,0.01,4,554238,1,4
"fpop",fpop,variance,,100,20,9.21034037197618,1e-09,10,0.01,4,8497373,1,NA
"dust",dust,variance,detIndex_Eval4,100,30,9.21034037197618,1e-09,10,0.01,4,1247261,1,7
"fpop",fpop,variance,,100,30,9.21034037197618,1e-09,10,0.01,4,10449752,1,NA
"dust",dust,variance,detIndex_Eval4,100,40,9.21034037197618,1e-09,10,0.01,4,540380,2,10
"fpop",fpop,variance,,100,40,9.21034037197618,1e-09,10,0.01,4,3717757,2,NA
"dust",dust,variance,detIndex_Eval4,100,50,9.21034037197618,1e-09,10,0.01,4,482324,1,9
"fpop",fpop,variance,,100,50,9.21034037197618,1e-09,10,0.01,4,3891761,1,NA
"dust",dust,variance,detIndex_Eval4,223.606797749979,0,10.8197782844103,1e-09,10,0.01,4,1488382,1,8
"fpop",fpop,variance,,223.606797749979,0,10.8197782844103,1e-09,10,0.01,4,6832609,1,NA
"dust",dust,variance,detIndex_Eval4,223.606797749979,10,10.8197782844103,1e-09,10,0.01,4,604873,1,11
"fpop",fpop,variance,,223.606797749979,10,10.8197782844103,1e-09,10,0.01,4,7765195,1,NA
"dust",dust,variance,detIndex_Eval4,223.606797749979,20,10.8197782844103,1e-09,10,0.01,4,563586,1,8
"fpop",fpop,variance,,223.606797749979,20,10.8197782844103,1e-09,10,0.01,4,3458022,1,NA
"dust",dust,variance,detIndex_Eval4,223.606797749979,30,10.8197782844103,1e-09,10,0.01,4,449934,1,8
"fpop",fpop,variance,,223.606797749979,30,10.8197782844103,1e-09,10,0.01,4,7243265,1,NA
"dust",dust,variance,detIndex_Eval4,223.606797749979,40,10.8197782844103,1e-09,10,0.01,4,510409,1,6
"fpop",fpop,variance,,223.606797749979,40,10.8197782844103,1e-09,10,0.01,4,25144849,1,NA
"dust",dust,variance,detIndex_Eval4,223.606797749979,50,10.8197782844103,1e-09,10,0.01,4,563422,1,8
"fpop",fpop,variance,,223.606797749979,50,10.8197782844103,1e-09,10,0.01,4,5545414,1,NA
"dust",dust,variance,detIndex_Eval4,500,0,12.4292161968444,1e-09,10,0.01,4,640953,1,8
"fpop",fpop,variance,,500,0,12.4292161968444,1e-09,10,0.01,4,15413745,1,NA
"dust",dust,variance,detIndex_Eval4,500,10,12.4292161968444,1e-09,10,0.01,4,1442011,1,11
"fpop",fpop,variance,,500,10,12.4292161968444,1e-09,10,0.01,4,8452314,1,NA
"dust",dust,variance,detIndex_Eval4,500,20,12.4292161968444,1e-09,10,0.01,4,656861,1,4
"fpop",fpop,variance,,500,20,12.4292161968444,1e-09,10,0.01,4,4327714,1,NA
"dust",dust,variance,detIndex_Eval4,500,30,12.4292161968444,1e-09,10,0.01,4,1577762,1,6
"fpop",fpop,variance,,500,30,12.4292161968444,1e-09,10,0.01,4,9587891,1,NA
"dust",dust,variance,detIndex_Eval4,500,40,12.4292161968444,1e-09,10,0.01,4,1740532,1,9
"fpop",fpop,variance,,500,40,12.4292161968444,1e-09,10,0.01,4,4557888,1,NA
"dust",dust,variance,detIndex_Eval4,500,50,12.4292161968444,1e-09,10,0.01,4,1805640,1,18
"fpop",fpop,variance,,500,50,12.4292161968444,1e-09,10,0.01,4,6516458,1,NA
"dust",dust,variance,detIndex_Eval4,100,0,9.21034037197618,1e-09,10,0.01,5,1064360,1,9
"fpop",fpop,variance,,100,0,9.21034037197618,1e-09,10,0.01,5,4572935,1,NA
"dust",dust,variance,detIndex_Eval4,100,10,9.21034037197618,1e-09,10,0.01,5,590892,1,7
"fpop",fpop,variance,,100,10,9.21034037197618,1e-09,10,0.01,5,9246115,1,NA
"dust",dust,variance,detIndex_Eval4,100,20,9.21034037197618,1e-09,10,0.01,5,565144,1,7
"fpop",fpop,variance,,100,20,9.21034037197618,1e-09,10,0.01,5,2999642,1,NA
"dust",dust,variance,detIndex_Eval4,100,30,9.21034037197618,1e-09,10,0.01,5,1038612,1,7
"fpop",fpop,variance,,100,30,9.21034037197618,1e-09,10,0.01,5,8270192,1,NA
"dust",dust,variance,detIndex_Eval4,100,40,9.21034037197618,1e-09,10,0.01,5,1437419,1,7
"fpop",fpop,variance,,100,40,9.21034037197618,1e-09,10,0.01,5,4282368,1,NA
"dust",dust,variance,detIndex_Eval4,100,50,9.21034037197618,1e-09,10,0.01,5,455961,2,10
"fpop",fpop,variance,,100,50,9.21034037197618,1e-09,10,0.01,5,5941023,2,NA
"dust",dust,variance,detIndex_Eval4,223.606797749979,0,10.8197782844103,1e-09,10,0.01,5,1148000,1,5
"fpop",fpop,variance,,223.606797749979,0,10.8197782844103,1e-09,10,0.01,5,5470384,1,NA
"dust",dust,variance,detIndex_Eval4,223.606797749979,10,10.8197782844103,1e-09,10,0.01,5,12482081,1,7
"fpop",fpop,variance,,223.606797749979,10,10.8197782844103,1e-09,10,0.01,5,14084525,1,NA
"dust",dust,variance,detIndex_Eval4,223.606797749979,20,10.8197782844103,1e-09,10,0.01,5,533861,1,8
"fpop",fpop,variance,,223.606797749979,20,10.8197782844103,1e-09,10,0.01,5,8684825,1,NA
"dust",dust,variance,detIndex_Eval4,223.606797749979,30,10.8197782844103,1e-09,10,0.01,5,533369,1,9
"fpop",fpop,variance,,223.606797749979,30,10.8197782844103,1e-09,10,0.01,5,5462102,1,NA
"dust",dust,variance,detIndex_Eval4,223.606797749979,40,10.8197782844103,1e-09,10,0.01,5,523570,1,9
"fpop",fpop,variance,,223.606797749979,40,10.8197782844103,1e-09,10,0.01,5,12192375,1,NA
"dust",dust,variance,detIndex_Eval4,223.606797749979,50,10.8197782844103,1e-09,10,0.01,5,3903815,1,13
"fpop",fpop,variance,,223.606797749979,50,10.8197782844103,1e-09,10,0.01,5,3264256,2,NA
"dust",dust,variance,detIndex_Eval4,500,0,12.4292161968444,1e-09,10,0.01,5,749603,1,7
"fpop",fpop,variance,,500,0,12.4292161968444,1e-09,10,0.01,5,4687407,1,NA
"dust",dust,variance,detIndex_Eval4,500,10,12.4292161968444,1e-09,10,0.01,5,1404988,1,9
"fpop",fpop,variance,,500,10,12.4292161968444,1e-09,10,0.01,5,13197162,1,NA
"dust",dust,variance,detIndex_Eval4,500,20,12.4292161968444,1e-09,10,0.01,5,1378748,1,6
"fpop",fpop,variance,,500,20,12.4292161968444,1e-09,10,0.01,5,4510533,1,NA
"dust",dust,variance,detIndex_Eval4,500,30,12.4292161968444,1e-09,10,0.01,5,665471,1,13
"fpop",fpop,variance,,500,30,12.4292161968444,1e-09,10,0.01,5,11059750,1,NA
"dust",dust,variance,detIndex_Eval4,500,40,12.4292161968444,1e-09,10,0.01,5,723527,1,11
"fpop",fpop,variance,,500,40,12.4292161968444,1e-09,10,0.01,5,22565867,1,NA
"dust",dust,variance,detIndex_Eval4,500,50,12.4292161968444,1e-09,10,0.01,5,737549,2,15
"fpop",fpop,variance,,500,50,12.4292161968444,1e-09,10,0.01,5,4282286,2,NA
"dust",dust,variance,detIndex_Eval4,100,0,9.21034037197618,1e-09,10,0.01,6,1109501,1,6
"fpop",fpop,variance,,100,0,9.21034037197618,1e-09,10,0.01,6,4918770,1,NA
"dust",dust,variance,detIndex_Eval4,100,10,9.21034037197618,1e-09,10,0.01,6,494952,2,9
"fpop",fpop,variance,,100,10,9.21034037197618,1e-09,10,0.01,6,6655612,2,NA
"dust",dust,variance,detIndex_Eval4,100,20,9.21034037197618,1e-09,10,0.01,6,567891,1,9
"fpop",fpop,variance,,100,20,9.21034037197618,1e-09,10,0.01,6,3217065,1,NA
"dust",dust,variance,detIndex_Eval4,100,30,9.21034037197618,1e-09,10,0.01,6,514263,4,8
"fpop",fpop,variance,,100,30,9.21034037197618,1e-09,10,0.01,6,5709578,4,NA
"dust",dust,variance,detIndex_Eval4,100,40,9.21034037197618,1e-09,10,0.01,6,1263292,3,10
"fpop",fpop,variance,,100,40,9.21034037197618,1e-09,10,0.01,6,4960139,3,NA
"dust",dust,variance,detIndex_Eval4,100,50,9.21034037197618,1e-09,10,0.01,6,397167,2,6
"fpop",fpop,variance,,100,50,9.21034037197618,1e-09,10,0.01,6,2835273,2,NA
"dust",dust,variance,detIndex_Eval4,223.606797749979,0,10.8197782844103,1e-09,10,0.01,6,919220,1,3
"fpop",fpop,variance,,223.606797749979,0,10.8197782844103,1e-09,10,0.01,6,16321116,1,NA
"dust",dust,variance,detIndex_Eval4,223.606797749979,10,10.8197782844103,1e-09,10,0.01,6,1088181,1,3
"fpop",fpop,variance,,223.606797749979,10,10.8197782844103,1e-09,10,0.01,6,18248731,1,NA
"dust",dust,variance,detIndex_Eval4,223.606797749979,20,10.8197782844103,1e-09,10,0.01,6,589211,1,11
"fpop",fpop,variance,,223.606797749979,20,10.8197782844103,1e-09,10,0.01,6,14562544,1,NA
"dust",dust,variance,detIndex_Eval4,223.606797749979,30,10.8197782844103,1e-09,10,0.01,6,1135372,1,9
"fpop",fpop,variance,,223.606797749979,30,10.8197782844103,1e-09,10,0.01,6,3279959,1,NA
"dust",dust,variance,detIndex_Eval4,223.606797749979,40,10.8197782844103,1e-09,10,0.01,6,599297,1,7
"fpop",fpop,variance,,223.606797749979,40,10.8197782844103,1e-09,10,0.01,6,3422475,1,NA
"dust",dust,variance,detIndex_Eval4,223.606797749979,50,10.8197782844103,1e-09,10,0.01,6,494091,1,12
"fpop",fpop,variance,,223.606797749979,50,10.8197782844103,1e-09,10,0.01,6,3450273,1,NA
"dust",dust,variance,detIndex_Eval4,500,0,12.4292161968444,1e-09,10,0.01,6,1474565,1,6
"fpop",fpop,variance,,500,0,12.4292161968444,1e-09,10,0.01,6,21890146,1,NA
"dust",dust,variance,detIndex_Eval4,500,10,12.4292161968444,1e-09,10,0.01,6,1395517,1,11
"fpop",fpop,variance,,500,10,12.4292161968444,1e-09,10,0.01,6,6340404,1,NA
"dust",dust,variance,detIndex_Eval4,500,20,12.4292161968444,1e-09,10,0.01,6,631892,1,10
"fpop",fpop,variance,,500,20,12.4292161968444,1e-09,10,0.01,6,11194435,1,NA
"dust",dust,variance,detIndex_Eval4,500,30,12.4292161968444,1e-09,10,0.01,6,9956481,1,9
"fpop",fpop,variance,,500,30,12.4292161968444,1e-09,10,0.01,6,9404662,1,NA
"dust",dust,variance,detIndex_Eval4,500,40,12.4292161968444,1e-09,10,0.01,6,701469,1,10
"fpop",fpop,variance,,500,40,12.4292161968444,1e-09,10,0.01,6,4481628,1,NA
"dust",dust,variance,detIndex_Eval4,500,50,12.4292161968444,1e-09,10,0.01,6,716311,1,11
"fpop",fpop,variance,,500,50,12.4292161968444,1e-09,10,0.01,6,4675722,1,NA
"dust",dust,variance,detIndex_Eval4,100,0,9.21034037197618,1e-09,10,0.01,7,1078218,1,6
"fpop",fpop,variance,,100,0,9.21034037197618,1e-09,10,0.01,7,6880661,1,NA
"dust",dust,variance,detIndex_Eval4,100,10,9.21034037197618,1e-09,10,0.01,7,947551,1,4
"fpop",fpop,variance,,100,10,9.21034037197618,1e-09,10,0.01,7,9313232,1,NA
"dust",dust,variance,detIndex_Eval4,100,20,9.21034037197618,1e-09,10,0.01,7,856982,1,4
"fpop",fpop,variance,,100,20,9.21034037197618,1e-09,10,0.01,7,40545843,1,NA
"dust",dust,variance,detIndex_Eval4,100,30,9.21034037197618,1e-09,10,0.01,7,632671,2,8
"fpop",fpop,variance,,100,30,9.21034037197618,1e-09,10,0.01,7,2869795,1,NA
"dust",dust,variance,detIndex_Eval4,100,40,9.21034037197618,1e-09,10,0.01,7,531196,2,9
"fpop",fpop,variance,,100,40,9.21034037197618,1e-09,10,0.01,7,2984800,2,NA
"dust",dust,variance,detIndex_Eval4,100,50,9.21034037197618,1e-09,10,0.01,7,2678325,1,6
"fpop",fpop,variance,,100,50,9.21034037197618,1e-09,10,0.01,7,5361611,1,NA
"dust",dust,variance,detIndex_Eval4,223.606797749979,0,10.8197782844103,1e-09,10,0.01,7,1402446,1,7
"fpop",fpop,variance,,223.606797749979,0,10.8197782844103,1e-09,10,0.01,7,8014516,1,NA
"dust",dust,variance,detIndex_Eval4,223.606797749979,10,10.8197782844103,1e-09,10,0.01,7,604914,1,4
"fpop",fpop,variance,,223.606797749979,10,10.8197782844103,1e-09,10,0.01,7,2901160,1,NA
"dust",dust,variance,detIndex_Eval4,223.606797749979,20,10.8197782844103,1e-09,10,0.01,7,574861,1,8
"fpop",fpop,variance,,223.606797749979,20,10.8197782844103,1e-09,10,0.01,7,5426842,1,NA
"dust",dust,variance,detIndex_Eval4,223.606797749979,30,10.8197782844103,1e-09,10,0.01,7,662970,1,8
"fpop",fpop,variance,,223.606797749979,30,10.8197782844103,1e-09,10,0.01,7,3459211,1,NA
"dust",dust,variance,detIndex_Eval4,223.606797749979,40,10.8197782844103,1e-09,10,0.01,7,6152132,1,5
"fpop",fpop,variance,,223.606797749979,40,10.8197782844103,1e-09,10,0.01,7,7026662,1,NA
"dust",dust,variance,detIndex_Eval4,223.606797749979,50,10.8197782844103,1e-09,10,0.01,7,555837,1,14
"fpop",fpop,variance,,223.606797749979,50,10.8197782844103,1e-09,10,0.01,7,13947011,1,NA
"dust",dust,variance,detIndex_Eval4,500,0,12.4292161968444,1e-09,10,0.01,7,628694,1,5
"fpop",fpop,variance,,500,0,12.4292161968444,1e-09,10,0.01,7,11548593,1,NA
"dust",dust,variance,detIndex_Eval4,500,10,12.4292161968444,1e-09,10,0.01,7,614262,1,4
"fpop",fpop,variance,,500,10,12.4292161968444,1e-09,10,0.01,7,7970441,1,NA
"dust",dust,variance,detIndex_Eval4,500,20,12.4292161968444,1e-09,10,0.01,7,1505602,1,8
"fpop",fpop,variance,,500,20,12.4292161968444,1e-09,10,0.01,7,20341699,1,NA
"dust",dust,variance,detIndex_Eval4,500,30,12.4292161968444,1e-09,10,0.01,7,6301495,2,13
"fpop",fpop,variance,,500,30,12.4292161968444,1e-09,10,0.01,7,4935785,2,NA
"dust",dust,variance,detIndex_Eval4,500,40,12.4292161968444,1e-09,10,0.01,7,1784730,1,20
"fpop",fpop,variance,,500,40,12.4292161968444,1e-09,10,0.01,7,9875383,1,NA
"dust",dust,variance,detIndex_Eval4,500,50,12.4292161968444,1e-09,10,0.01,7,5119506,2,12
"fpop",fpop,variance,,500,50,12.4292161968444,1e-09,10,0.01,7,4914424,2,NA
"dust",dust,variance,detIndex_Eval4,100,0,9.21034037197618,1e-09,10,0.01,8,1248409,1,9
"fpop",fpop,variance,,100,0,9.21034037197618,1e-09,10,0.01,8,4051251,1,NA
"dust",dust,variance,detIndex_Eval4,100,10,9.21034037197618,1e-09,10,0.01,8,432427,1,4
"fpop",fpop,variance,,100,10,9.21034037197618,1e-09,10,0.01,8,12723243,1,NA
"dust",dust,variance,detIndex_Eval4,100,20,9.21034037197618,1e-09,10,0.01,8,1131805,1,7
"fpop",fpop,variance,,100,20,9.21034037197618,1e-09,10,0.01,8,7083283,1,NA
"dust",dust,variance,detIndex_Eval4,100,30,9.21034037197618,1e-09,10,0.01,8,616435,1,8
"fpop",fpop,variance,,100,30,9.21034037197618,1e-09,10,0.01,8,11841456,2,NA
"dust",dust,variance,detIndex_Eval4,100,40,9.21034037197618,1e-09,10,0.01,8,504874,1,6
"fpop",fpop,variance,,100,40,9.21034037197618,1e-09,10,0.01,8,2925719,1,NA
"dust",dust,variance,detIndex_Eval4,100,50,9.21034037197618,1e-09,10,0.01,8,6436754,2,9
"fpop",fpop,variance,,100,50,9.21034037197618,1e-09,10,0.01,8,2624164,2,NA
"dust",dust,variance,detIndex_Eval4,223.606797749979,0,10.8197782844103,1e-09,10,0.01,8,608522,1,3
"fpop",fpop,variance,,223.606797749979,0,10.8197782844103,1e-09,10,0.01,8,6803704,1,NA
"dust",dust,variance,detIndex_Eval4,223.606797749979,10,10.8197782844103,1e-09,10,0.01,8,1194412,1,5
"fpop",fpop,variance,,223.606797749979,10,10.8197782844103,1e-09,10,0.01,8,16879167,1,NA
"dust",dust,variance,detIndex_Eval4,223.606797749979,20,10.8197782844103,1e-09,10,0.01,8,625496,1,6
"fpop",fpop,variance,,223.606797749979,20,10.8197782844103,1e-09,10,0.01,8,9422169,1,NA
"dust",dust,variance,detIndex_Eval4,223.606797749979,30,10.8197782844103,1e-09,10,0.01,8,504915,1,8
"fpop",fpop,variance,,223.606797749979,30,10.8197782844103,1e-09,10,0.01,8,24059866,1,NA
"dust",dust,variance,detIndex_Eval4,223.606797749979,40,10.8197782844103,1e-09,10,0.01,8,554771,1,13
"fpop",fpop,variance,,223.606797749979,40,10.8197782844103,1e-09,10,0.01,8,4724225,1,NA
"dust",dust,variance,detIndex_Eval4,223.606797749979,50,10.8197782844103,1e-09,10,0.01,8,441570,1,11
"fpop",fpop,variance,,223.606797749979,50,10.8197782844103,1e-09,10,0.01,8,17621718,1,NA
"dust",dust,variance,detIndex_Eval4,500,0,12.4292161968444,1e-09,10,0.01,8,668136,1,8
"fpop",fpop,variance,,500,0,12.4292161968444,1e-09,10,0.01,8,9400726,1,NA
"dust",dust,variance,detIndex_Eval4,500,10,12.4292161968444,1e-09,10,0.01,8,1536024,1,7
"fpop",fpop,variance,,500,10,12.4292161968444,1e-09,10,0.01,8,4168880,1,NA
"dust",dust,variance,detIndex_Eval4,500,20,12.4292161968444,1e-09,10,0.01,8,661494,1,5
"fpop",fpop,variance,,500,20,12.4292161968444,1e-09,10,0.01,8,8088644,1,NA
"dust",dust,variance,detIndex_Eval4,500,30,12.4292161968444,1e-09,10,0.01,8,1431679,1,8
"fpop",fpop,variance,,500,30,12.4292161968444,1e-09,10,0.01,8,21850048,1,NA
"dust",dust,variance,detIndex_Eval4,500,40,12.4292161968444,1e-09,10,0.01,8,732547,2,15
"fpop",fpop,variance,,500,40,12.4292161968444,1e-09,10,0.01,8,4816885,2,NA
"dust",dust,variance,detIndex_Eval4,500,50,12.4292161968444,1e-09,10,0.01,8,1251484,2,12
"fpop",fpop,variance,,500,50,12.4292161968444,1e-09,10,0.01,8,5248738,2,NA
"dust",dust,variance,detIndex_Eval4,100,0,9.21034037197618,1e-09,10,0.01,9,1037382,1,5
"fpop",fpop,variance,,100,0,9.21034037197618,1e-09,10,0.01,9,4857311,1,NA
"dust",dust,variance,detIndex_Eval4,100,10,9.21034037197618,1e-09,10,0.01,9,456904,1,5
"fpop",fpop,variance,,100,10,9.21034037197618,1e-09,10,0.01,9,7659128,1,NA
"dust",dust,variance,detIndex_Eval4,100,20,9.21034037197618,1e-09,10,0.01,9,1450990,2,5
"fpop",fpop,variance,,100,20,9.21034037197618,1e-09,10,0.01,9,2889229,2,NA
"dust",dust,variance,detIndex_Eval4,100,30,9.21034037197618,1e-09,10,0.01,9,513976,1,8
"fpop",fpop,variance,,100,30,9.21034037197618,1e-09,10,0.01,9,6925556,1,NA
"dust",dust,variance,detIndex_Eval4,100,40,9.21034037197618,1e-09,10,0.01,9,467851,1,8
"fpop",fpop,variance,,100,40,9.21034037197618,1e-09,10,0.01,9,2761432,1,NA
"dust",dust,variance,detIndex_Eval4,100,50,9.21034037197618,1e-09,10,0.01,9,559117,2,5
"fpop",fpop,variance,,100,50,9.21034037197618,1e-09,10,0.01,9,10627282,2,NA
"dust",dust,variance,detIndex_Eval4,223.606797749979,0,10.8197782844103,1e-09,10,0.01,9,1214092,1,10
"fpop",fpop,variance,,223.606797749979,0,10.8197782844103,1e-09,10,0.01,9,20060890,1,NA
"dust",dust,variance,detIndex_Eval4,223.606797749979,10,10.8197782844103,1e-09,10,0.01,9,618239,1,10
"fpop",fpop,variance,,223.606797749979,10,10.8197782844103,1e-09,10,0.01,9,3639775,1,NA
"dust",dust,variance,detIndex_Eval4,223.606797749979,20,10.8197782844103,1e-09,10,0.01,9,1132953,1,6
"fpop",fpop,variance,,223.606797749979,20,10.8197782844103,1e-09,10,0.01,9,4363056,1,NA
"dust",dust,variance,detIndex_Eval4,223.606797749979,30,10.8197782844103,1e-09,10,0.01,9,959892,1,10
"fpop",fpop,variance,,223.606797749979,30,10.8197782844103,1e-09,10,0.01,9,2930434,1,NA
"dust",dust,variance,detIndex_Eval4,223.606797749979,40,10.8197782844103,1e-09,10,0.01,9,584168,1,11
"fpop",fpop,variance,,223.606797749979,40,10.8197782844103,1e-09,10,0.01,9,3542892,1,NA
"dust",dust,variance,detIndex_Eval4,223.606797749979,50,10.8197782844103,1e-09,10,0.01,9,602536,1,10
"fpop",fpop,variance,,223.606797749979,50,10.8197782844103,1e-09,10,0.01,9,18488212,1,NA
"dust",dust,variance,detIndex_Eval4,500,0,12.4292161968444,1e-09,10,0.01,9,1358740,1,8
"fpop",fpop,variance,,500,0,12.4292161968444,1e-09,10,0.01,9,13191012,1,NA
"dust",dust,variance,detIndex_Eval4,500,10,12.4292161968444,1e-09,10,0.01,9,675680,1,9
"fpop",fpop,variance,,500,10,12.4292161968444,1e-09,10,0.01,9,6679802,1,NA
"dust",dust,variance,detIndex_Eval4,500,20,12.4292161968444,1e-09,10,0.01,9,18369927,1,7
"fpop",fpop,variance,,500,20,12.4292161968444,1e-09,10,0.01,9,9487154,1,NA
"dust",dust,variance,detIndex_Eval4,500,30,12.4292161968444,1e-09,10,0.01,9,1257921,1,9
"fpop",fpop,variance,,500,30,12.4292161968444,1e-09,10,0.01,9,4309838,1,NA
"dust",dust,variance,detIndex_Eval4,500,40,12.4292161968444,1e-09,10,0.01,9,630047,1,8
"fpop",fpop,variance,,500,40,12.4292161968444,1e-09,10,0.01,9,4694049,1,NA
"dust",dust,variance,detIndex_Eval4,500,50,12.4292161968444,1e-09,10,0.01,9,1847583,1,8
"fpop",fpop,variance,,500,50,12.4292161968444,1e-09,10,0.01,9,4176875,1,NA
"dust",dust,variance,detIndex_Eval4,100,0,9.21034037197618,1e-09,10,0.01,10,1098841,1,4
"fpop",fpop,variance,,100,0,9.21034037197618,1e-09,10,0.01,10,9827331,1,NA
"dust",dust,variance,detIndex_Eval4,100,10,9.21034037197618,1e-09,10,0.01,10,441734,1,6
"fpop",fpop,variance,,100,10,9.21034037197618,1e-09,10,0.01,10,2717562,1,NA
"dust",dust,variance,detIndex_Eval4,100,20,9.21034037197618,1e-09,10,0.01,10,540503,1,6
"fpop",fpop,variance,,100,20,9.21034037197618,1e-09,10,0.01,10,5086378,1,NA
"dust",dust,variance,detIndex_Eval4,100,30,9.21034037197618,1e-09,10,0.01,10,472771,1,7
"fpop",fpop,variance,,100,30,9.21034037197618,1e-09,10,0.01,10,9053456,1,NA
"dust",dust,variance,detIndex_Eval4,100,40,9.21034037197618,1e-09,10,0.01,10,413977,1,11
"fpop",fpop,variance,,100,40,9.21034037197618,1e-09,10,0.01,10,26342910,1,NA
"dust",dust,variance,detIndex_Eval4,100,50,9.21034037197618,1e-09,10,0.01,10,495239,1,8
"fpop",fpop,variance,,100,50,9.21034037197618,1e-09,10,0.01,10,5922860,1,NA
"dust",dust,variance,detIndex_Eval4,223.606797749979,0,10.8197782844103,1e-09,10,0.01,10,700772,1,10
"fpop",fpop,variance,,223.606797749979,0,10.8197782844103,1e-09,10,0.01,10,9248575,1,NA
"dust",dust,variance,detIndex_Eval4,223.606797749979,10,10.8197782844103,1e-09,10,0.01,10,478675,1,7
"fpop",fpop,variance,,223.606797749979,10,10.8197782844103,1e-09,10,0.01,10,14111708,1,NA
"dust",dust,variance,detIndex_Eval4,223.606797749979,20,10.8197782844103,1e-09,10,0.01,10,589293,1,7
"fpop",fpop,variance,,223.606797749979,20,10.8197782844103,1e-09,10,0.01,10,13112169,1,NA
"dust",dust,variance,detIndex_Eval4,223.606797749979,30,10.8197782844103,1e-09,10,0.01,10,588145,1,11
"fpop",fpop,variance,,223.606797749979,30,10.8197782844103,1e-09,10,0.01,10,3708163,1,NA
"dust",dust,variance,detIndex_Eval4,223.606797749979,40,10.8197782844103,1e-09,10,0.01,10,546243,1,13
"fpop",fpop,variance,,223.606797749979,40,10.8197782844103,1e-09,10,0.01,10,3326371,1,NA
"dust",dust,variance,detIndex_Eval4,223.606797749979,50,10.8197782844103,1e-09,10,0.01,10,598190,1,13
"fpop",fpop,variance,,223.606797749979,50,10.8197782844103,1e-09,10,0.01,10,11589716,1,NA
"dust",dust,variance,detIndex_Eval4,500,0,12.4292161968444,1e-09,10,0.01,10,988387,1,6
"fpop",fpop,variance,,500,0,12.4292161968444,1e-09,10,0.01,10,4213078,1,NA
"dust",dust,variance,detIndex_Eval4,500,10,12.4292161968444,1e-09,10,0.01,10,2562008,1,10
"fpop",fpop,variance,,500,10,12.4292161968444,1e-09,10,0.01,10,9359070,1,NA
"dust",dust,variance,detIndex_Eval4,500,20,12.4292161968444,1e-09,10,0.01,10,739558,1,7
"fpop",fpop,variance,,500,20,12.4292161968444,1e-09,10,0.01,10,7880364,1,NA
"dust",dust,variance,detIndex_Eval4,500,30,12.4292161968444,1e-09,10,0.01,10,703068,1,9
"fpop",fpop,variance,,500,30,12.4292161968444,1e-09,10,0.01,10,10213018,1,NA
"dust",dust,variance,detIndex_Eval4,500,40,12.4292161968444,1e-09,10,0.01,10,692777,1,5
"fpop",fpop,variance,,500,40,12.4292161968444,1e-09,10,0.01,10,4317218,1,NA
"dust",dust,variance,detIndex_Eval4,500,50,12.4292161968444,1e-09,10,0.01,10,1229959,2,16
"fpop",fpop,variance,,500,50,12.4292161968444,1e-09,10,0.01,10,3997377,2,NA
